{{0,721,584,546,629,498,639,595,975,406,818,980,938,868,926,308,632,510,217,814,517,490,697,916,959,230,776,700,539,787,204,759,657,653,140,1011,330,601,497,340,698,230,87,576,923,379,813,638,591,342,388,979,545,941,949,639,478,610,460,547,638,244,258,1018,807,289,921,815,925,335,974,511,572,926,70,484,948,872,1066,387,866,433,441,630,354,353,971,390,809,962,661,261,978,627,285,656,961,414,356,777,371,219,170,893,371,513,270,302,288,250,490,866,454,899,271,576,417,145,771,834,120,396,95,957,936,388,556,783,474,971,448,568,92,588,477,286,768,774,253,864,988,801,614},
{721,0,183,580,531,255,460,370,257,735,421,259,386,461,246,457,198,446,505,568,238,246,125,387,353,623,92,577,571,82,755,242,518,211,613,526,717,230,348,686,292,637,664,411,247,784,102,303,538,802,572,296,204,354,418,439,798,147,821,523,529,763,702,527,570,514,423,374,509,389,558,315,342,229,717,451,306,387,566,349,253,621,514,539,729,662,392,705,121,360,538,518,463,261,598,444,556,784,451,477,389,568,570,365,664,774,461,748,803,471,277,145,307,336,455,150,872,578,166,197,708,526,723,240,450,687,231,401,722,543,457,172,686,220,325,615,162,386,474,377,287,415,117},
{584,183,0,403,574,86,515,207,429,689,544,426,550,388,343,292,68,267,378,447,220,97,114,372,387,536,201,424,580,220,587,198,361,300,460,498,537,69,165,627,185,466,515,242,340,725,284,375,368,624,533,479,200,375,579,496,763,36,778,540,575,591,528,502,446,436,393,306,446,251,500,133,380,346,593,270,367,345,548,197,288,593,331,581,548,481,562,523,303,534,381,429,446,116,526,294,493,734,275,362,222,405,420,347,616,592,314,570,628,344,253,308,136,500,340,143,691,439,325,371,550,490,569,385,416,505,251,307,540,489,274,39,534,265,307,439,320,293,331,522,468,326,76},
{546,580,403,0,888,363,849,218,799,858,928,789,952,402,643,312,384,137,463,290,561,393,470,508,593,656,564,161,853,590,409,430,141,685,414,547,278,350,244,783,340,319,460,173,636,863,676,741,67,351,745,870,560,566,980,835,940,436,938,829,893,385,325,557,281,608,491,394,446,398,483,275,719,665,599,142,616,452,599,360,543,810,123,894,269,220,965,222,701,937,135,580,541,327,682,191,468,888,254,289,312,336,404,493,793,217,382,326,391,448,574,678,329,902,478,525,380,455,727,773,442,717,472,727,493,208,608,341,180,487,160,429,457,633,613,262,723,342,401,919,852,353,478},
{629,531,574,888,0,555,75,758,670,343,264,689,439,958,767,596,638,764,488,1016,354,521,622,911,884,404,623,970,106,610,791,747,906,322,623,1049,850,642,666,350,758,725,637,779,771,411,550,231,884,908,247,597,374,885,429,97,362,563,399,81,11,822,794,1050,1015,348,943,872,1013,496,1066,646,196,742,575,750,836,900,1092,528,784,229,772,8,873,827,481,880,515,495,923,381,988,689,349,852,1061,387,643,935,577,647,592,888,309,997,536,851,873,481,328,629,569,427,443,437,991,554,426,468,704,233,697,722,969,866,325,881,942,1053,728,535,665,320,279,747,427,865,526,350,632,899,523},
{498,255,86,363,555,0,504,203,508,630,565,508,597,435,429,207,137,227,296,464,206,35,200,440,466,464,286,417,546,302,504,271,353,321,374,558,462,114,120,564,233,384,429,226,425,660,357,381,341,547,479,549,199,452,622,488,706,117,718,510,557,509,447,563,462,370,456,360,495,169,548,93,369,432,510,222,450,407,610,111,370,542,272,562,475,408,614,454,370,589,370,358,511,156,460,297,540,672,196,388,137,320,334,416,556,534,228,492,548,262,228,389,52,547,263,163,618,354,376,429,465,439,483,470,477,435,249,349,480,540,216,83,447,272,277,360,371,336,246,558,542,369,139},
{639,460,515,849,75,504,0,707,595,397,206,614,374,894,694,568,577,721,477,961,299,470,556,843,812,424,552,921,161,537,787,681,857,250,617,981,833,584,619,391,697,711,636,730,697,463,475,158,840,897,276,523,315,814,368,22,425,502,460,118,70,815,782,982,960,350,876,808,949,465,1001,597,136,668,591,709,763,834,1023,490,713,275,736,83,855,806,415,859,440,427,874,381,919,631,370,799,997,443,611,877,542,631,582,819,352,971,514,839,866,465,278,554,524,357,427,375,980,548,351,393,703,249,699,646,902,844,264,819,916,988,689,476,665,255,236,727,352,804,506,285,557,837,460},
{595,370,207,218,758,203,707,0,581,810,750,572,752,273,431,292,172,109,435,264,407,238,255,334,401,626,347,218,747,374,527,218,155,506,455,416,432,142,109,740,130,409,512,44,424,832,463,576,169,517,669,655,395,377,782,689,890,235,897,713,761,516,449,424,261,547,331,224,332,324,382,116,571,450,627,129,413,284,471,265,336,734,199,765,433,368,761,395,490,731,174,528,387,111,634,93,370,849,239,196,244,379,426,313,738,429,350,475,540,407,431,460,199,701,423,345,567,465,527,567,522,632,548,510,343,377,446,188,384,378,159,241,520,465,481,361,522,179,372,728,636,207,281},
{975,257,429,799,670,508,595,581,0,940,463,24,328,560,208,713,420,675,758,709,470,502,332,437,349,857,236,757,739,212,1011,384,708,376,869,558,966,458,587,902,468,892,919,625,217,996,162,452,747,1053,780,122,438,369,363,573,992,394,1020,690,664,1018,956,553,714,748,481,489,588,645,623,556,517,171,966,685,286,468,576,606,304,817,752,677,976,908,305,949,174,266,728,757,493,473,825,633,628,990,703,623,644,825,827,426,874,1006,717,999,1056,725,506,123,561,297,706,399,1119,832,249,202,965,735,980,102,506,930,445,537,957,605,696,426,942,421,543,867,249,525,729,379,78,542,372},
{406,735,689,858,343,630,397,810,940,0,602,954,769,1064,980,549,756,768,395,1070,500,601,780,1061,1065,204,820,984,238,817,607,887,927,564,476,1186,713,742,701,75,863,592,457,813,980,68,792,496,880,743,163,894,533,1057,764,410,82,697,89,278,354,645,644,1191,1065,263,1082,989,1124,487,1178,696,425,964,337,747,1031,1034,1237,545,962,125,736,340,739,717,809,765,768,817,939,284,1135,785,178,896,1168,50,609,1006,572,536,466,1036,74,891,479,696,692,414,460,866,614,747,390,595,821,414,693,749,517,209,498,965,1104,757,506,978,844,1169,714,656,479,523,410,636,692,965,459,680,920,998,673},
{818,421,544,928,264,565,206,750,463,602,0,485,179,882,611,688,592,792,631,980,373,535,541,801,748,617,502,968,364,479,944,663,905,245,773,940,967,611,685,596,704,852,802,783,617,668,390,196,905,1039,478,365,369,756,166,195,626,518,662,324,254,967,924,939,981,530,840,795,930,585,978,656,249,578,777,786,690,806,974,590,659,480,829,269,986,929,220,981,349,241,924,557,874,654,565,837,977,648,718,891,644,771,734,781,557,1082,647,980,1016,612,373,462,601,178,576,406,1120,709,263,273,866,446,867,538,868,965,324,819,1026,962,775,509,830,296,358,857,266,804,645,93,407,834,472},
{980,259,426,789,689,508,614,572,24,954,485,0,352,541,188,713,414,667,763,692,479,503,326,416,327,867,230,744,756,208,1011,371,696,391,872,536,963,452,583,915,456,891,923,616,196,1009,169,469,736,1050,794,146,447,347,387,592,1008,392,1036,707,683,1017,954,531,698,758,460,472,568,649,602,551,532,151,973,678,265,449,553,608,286,832,746,696,972,904,329,944,186,290,715,766,471,464,836,621,607,1004,702,607,644,825,829,406,888,998,720,997,1055,730,516,119,560,321,712,405,1115,837,266,222,967,748,982,81,485,926,456,521,950,584,691,426,945,434,555,865,266,509,733,402,101,526,373},
{938,386,550,952,439,597,374,752,328,769,179,352,0,828,512,759,581,815,735,950,442,572,510,726,655,758,443,962,535,416,1039,617,903,296,872,860,1039,610,710,755,677,935,910,791,519,834,315,302,917,1118,632,212,425,669,36,359,799,518,834,491,430,1057,1007,857,953,660,769,745,868,662,911,678,373,475,907,815,593,743,886,652,582,645,869,445,1056,993,42,1043,277,68,923,683,793,645,710,830,913,816,776,860,703,856,831,709,718,1130,732,1060,1104,710,458,368,642,51,678,436,1196,816,225,191,969,595,975,420,796,1025,394,780,1075,894,812,524,937,361,462,930,230,765,735,89,258,792,475},
{868,461,388,402,958,435,894,273,560,1064,882,541,828,0,356,564,321,364,704,167,607,465,343,138,240,890,386,272,968,412,784,219,262,657,728,148,671,326,378,997,204,672,784,293,347,1092,513,744,335,750,914,669,584,213,862,874,1141,395,1152,927,957,768,703,157,175,803,102,87,60,586,113,373,762,391,900,389,291,93,202,525,256,976,448,965,666,608,823,621,552,786,273,788,142,280,892,222,105,1106,512,114,513,651,699,139,991,609,621,717,784,675,641,467,453,781,686,520,782,738,623,638,790,873,817,462,94,605,632,87,581,106,424,427,791,640,695,620,619,100,642,834,634,68,435},
{926,246,343,643,767,429,694,431,208,980,611,188,512,356,0,633,304,536,717,511,480,437,229,229,144,857,161,576,814,163,921,214,534,446,803,352,851,341,470,929,303,799,858,474,9,1027,224,537,584,938,817,325,447,161,547,672,1044,317,1066,766,764,920,854,348,518,750,273,291,380,592,415,443,585,38,933,551,82,263,375,540,106,866,622,775,856,789,497,822,264,458,552,750,286,336,837,462,420,1028,607,429,563,744,763,219,908,859,657,890,952,683,520,149,477,471,674,387,995,781,354,340,891,771,911,107,298,804,476,343,814,397,571,359,876,465,570,764,351,334,674,542,285,346,320},
{308,457,292,312,596,207,568,292,713,549,688,713,759,564,633,0,331,224,155,533,320,211,405,608,653,351,493,437,549,509,298,453,382,464,173,705,281,297,189,475,390,181,230,280,628,560,557,492,331,360,433,743,334,634,779,558,631,324,631,529,602,307,250,712,527,296,613,508,623,104,673,204,451,638,336,200,646,564,760,110,564,499,189,601,299,241,782,294,564,763,392,268,670,320,371,364,661,582,61,482,70,113,138,585,482,403,70,301,350,136,315,595,156,712,167,334,437,174,552,611,259,407,279,677,629,278,369,478,348,669,166,288,245,401,338,171,548,468,90,704,741,497,341},
{632,198,68,384,638,137,577,172,420,756,592,414,581,321,304,331,0,255,433,390,286,158,88,306,329,599,184,381,647,209,618,134,321,352,503,431,553,38,170,693,120,496,559,214,299,791,292,433,340,640,600,486,264,314,612,558,830,76,845,606,638,617,552,435,390,501,326,239,379,306,432,141,443,313,647,264,316,278,481,248,234,660,332,646,561,493,589,531,318,559,341,492,380,64,591,249,426,801,303,303,263,441,465,281,682,586,363,590,651,400,320,298,178,531,399,202,702,489,357,395,589,557,610,362,349,512,313,242,537,421,277,105,576,324,374,461,353,227,382,563,469,261,121},
{510,446,267,137,764,227,721,109,675,768,792,667,815,364,536,224,255,0,378,310,428,258,343,439,509,574,439,217,737,464,423,325,159,548,370,511,323,219,107,695,238,309,424,73,529,782,545,606,120,409,641,740,424,485,843,705,849,301,852,709,767,410,343,520,304,509,433,327,419,287,466,137,588,553,550,26,521,387,566,239,443,707,90,770,325,259,829,288,567,801,170,485,488,204,590,146,452,803,164,267,199,291,347,420,699,331,291,367,432,355,443,552,197,765,379,388,460,392,591,638,427,608,454,610,442,269,473,284,282,464,62,292,429,498,486,258,586,279,313,782,724,301,342},
{217,505,378,463,488,296,477,435,758,395,631,763,735,704,717,155,433,378,0,685,303,281,490,731,762,196,563,592,423,573,313,565,537,443,142,840,363,406,327,321,516,237,174,430,715,405,596,441,486,421,291,764,330,747,749,471,477,401,476,413,495,339,306,846,680,153,743,640,764,127,816,332,383,715,216,355,745,693,894,187,665,355,341,492,386,346,765,398,593,754,547,121,799,440,219,514,805,427,216,630,192,161,105,707,330,521,87,363,389,34,279,650,259,693,57,359,504,80,557,619,235,273,239,742,761,386,345,617,468,810,321,358,201,378,276,264,553,606,65,667,771,637,401},
{814,568,447,290,1016,464,961,264,709,1070,980,692,950,167,511,533,390,310,685,0,662,498,443,304,406,880,509,132,1010,537,697,335,158,742,675,285,568,377,370,998,276,598,728,257,502,1088,638,821,230,638,932,810,646,378,983,942,1150,465,1155,974,1018,674,613,295,10,807,269,220,184,583,205,380,825,545,858,334,453,254,330,526,407,997,374,1024,558,509,950,510,674,915,157,786,302,331,893,174,189,1107,473,90,499,596,656,302,999,473,598,616,681,660,690,605,463,901,680,589,658,701,733,759,721,895,750,615,257,498,697,173,455,213,371,485,730,712,741,542,729,187,620,944,779,166,511},
{517,238,220,561,354,206,299,407,470,500,373,479,442,607,480,320,286,428,303,662,0,172,286,576,569,389,320,622,362,318,597,405,558,146,434,709,600,287,323,449,405,493,475,432,480,547,310,180,546,678,338,463,34,563,460,282,567,214,587,320,356,615,565,712,661,279,603,524,665,221,718,299,164,466,500,419,532,558,757,218,465,390,457,362,619,559,468,610,298,454,576,287,653,335,361,500,712,548,345,581,271,414,391,551,428,709,290,619,662,274,40,377,232,397,246,96,757,382,254,317,531,292,540,475,628,593,50,528,653,706,405,181,501,81,93,491,251,513,294,384,474,546,180},
{490,246,97,393,521,35,470,238,502,601,535,503,572,465,437,211,158,258,281,498,172,0,209,464,484,441,288,451,512,301,509,292,387,292,371,585,477,141,152,537,262,391,424,260,434,634,347,349,374,561,449,535,166,471,597,453,677,120,689,476,523,517,457,590,496,343,482,388,525,155,578,127,335,437,497,251,464,433,637,105,385,511,298,527,491,426,591,473,356,568,404,334,536,185,434,331,570,645,209,421,143,323,330,439,528,558,221,505,558,247,193,385,69,523,243,137,633,344,354,409,464,407,481,471,504,455,216,380,503,569,242,79,444,240,243,372,350,366,237,530,531,400,130},
{697,125,114,470,622,200,556,255,332,780,541,326,510,343,229,405,88,343,490,443,286,209,0,291,286,639,96,454,645,121,698,126,397,314,574,427,639,126,257,722,167,576,629,298,226,821,209,402,423,726,620,401,257,278,543,535,850,89,868,601,621,699,635,429,445,535,321,256,396,364,447,226,427,233,705,353,258,279,472,310,183,675,420,630,648,580,514,619,239,482,417,532,368,144,625,322,443,827,384,353,335,517,534,267,707,674,428,675,735,455,325,209,249,461,449,191,789,552,291,320,664,574,683,276,347,600,300,278,625,433,365,133,647,302,379,545,287,263,445,501,382,293,107},
{916,387,372,508,911,440,843,334,437,1061,801,416,726,138,229,608,306,439,731,304,576,464,291,0,102,904,300,398,936,322,860,174,375,596,779,140,760,326,419,999,218,742,836,367,220,1097,416,687,442,844,904,551,548,75,761,821,1134,366,1150,892,909,849,782,140,312,807,44,114,152,606,187,405,716,266,939,462,156,56,181,545,144,962,529,919,759,696,716,717,457,678,389,797,77,291,897,317,191,1106,563,238,547,707,746,25,987,723,654,805,871,699,613,358,472,682,702,482,885,778,538,542,853,859,878,335,70,700,591,167,688,169,493,406,848,591,668,695,535,167,674,743,513,158,396},
{959,353,387,593,884,466,812,401,349,1065,748,327,655,240,144,653,329,509,762,406,569,484,286,102,0,923,261,494,920,276,922,199,465,563,826,209,832,358,471,1008,273,801,883,439,137,1106,358,655,528,917,904,468,538,28,691,791,1134,372,1153,874,881,915,848,204,414,820,143,202,250,635,277,450,694,182,975,529,63,153,231,576,104,959,599,892,833,768,641,794,399,603,481,815,144,334,910,402,285,1112,615,336,587,758,790,105,992,809,691,875,940,728,608,289,506,614,727,473,964,816,486,480,906,859,929,247,164,776,575,258,771,259,557,415,897,570,661,758,483,254,710,682,427,253,392},
{230,623,536,656,404,464,424,626,857,204,617,867,758,890,857,351,599,574,196,880,389,441,639,904,923,0,697,788,311,701,417,733,732,497,273,1021,513,578,517,130,695,390,262,624,856,209,699,457,681,549,159,837,422,911,763,428,286,551,282,323,414,454,446,1026,875,110,920,821,950,304,1003,517,385,848,171,551,897,870,1073,366,821,204,535,405,538,514,795,562,684,792,743,108,975,617,56,708,993,232,411,822,383,332,262,879,150,688,282,499,503,220,352,765,438,725,205,473,630,210,626,688,326,175,311,862,940,553,413,803,640,996,517,508,287,440,317,432,624,791,261,676,854,823,538},
{776,92,201,564,623,286,552,347,236,820,502,230,443,386,161,493,184,439,563,509,320,288,96,300,261,697,0,536,661,28,789,174,482,302,658,439,734,222,353,768,244,668,712,391,161,866,129,394,515,821,657,311,287,263,477,530,885,169,907,614,620,792,728,439,512,589,338,302,430,441,477,322,434,152,779,449,215,306,477,393,162,708,517,631,743,675,442,715,167,407,502,590,375,238,676,407,477,868,476,419,423,606,617,279,748,770,509,769,828,529,360,114,337,395,518,227,885,631,240,253,750,611,768,184,366,696,319,337,721,461,461,208,732,311,410,638,236,323,524,448,289,348,163},
{700,577,424,161,970,417,921,218,757,984,968,744,962,272,576,437,381,217,592,132,622,451,454,398,494,788,536,0,950,564,570,373,64,723,564,408,438,357,304,911,292,477,614,191,567,997,661,794,110,507,857,847,612,467,993,904,1066,451,1068,919,972,546,486,418,122,726,371,293,305,504,334,324,786,604,748,238,531,343,456,453,470,923,260,976,428,381,968,379,693,936,47,701,414,317,806,133,318,1019,376,160,416,485,548,389,916,343,506,486,550,571,643,644,401,912,595,563,526,597,738,773,600,824,630,672,366,367,663,237,323,340,271,459,612,683,691,420,734,244,527,943,821,241,497},
{539,571,580,853,106,546,161,747,739,238,364,756,535,968,814,549,647,737,423,1010,362,512,645,936,920,311,661,950,0,652,714,766,887,371,551,1071,785,644,647,245,764,658,557,762,816,306,605,288,857,836,152,677,388,917,528,177,264,576,299,49,117,746,724,1073,1007,273,964,885,1026,456,1079,631,230,792,482,721,877,919,1117,498,817,124,733,104,808,769,576,821,575,587,903,307,1013,691,255,840,1073,283,602,933,542,584,524,912,204,942,484,781,797,423,327,684,550,518,386,454,919,480,491,540,624,151,614,780,989,809,346,887,889,1068,695,541,584,351,273,686,491,872,470,446,708,905,540},
{787,82,220,590,610,302,537,374,212,817,479,208,416,412,163,509,209,464,573,537,318,301,121,322,276,701,28,564,652,0,806,202,510,288,672,461,755,246,376,767,272,686,725,417,165,865,101,380,542,842,654,283,285,280,451,515,881,186,903,605,606,811,748,460,541,592,361,328,455,453,501,344,423,148,787,473,226,330,496,407,181,703,540,618,765,697,414,737,140,379,530,595,395,264,677,435,501,866,495,447,440,622,631,302,746,795,522,789,848,539,358,89,354,369,526,228,907,643,216,226,765,608,783,169,389,719,313,365,745,485,484,222,746,302,407,658,213,351,536,423,262,376,173},
{204,755,587,409,791,504,787,527,1011,607,944,1011,1039,784,921,298,618,423,313,697,597,509,698,860,922,417,789,570,714,806,0,727,541,743,171,932,144,581,454,538,649,122,157,495,916,583,856,752,467,138,566,1040,618,900,1055,783,681,620,664,712,800,40,85,941,688,444,856,750,837,380,880,479,695,930,274,399,925,810,986,407,843,619,336,794,164,191,1066,209,862,1050,540,410,911,592,468,562,865,618,315,680,367,188,210,840,566,322,308,104,85,332,582,893,452,994,368,628,214,239,843,904,91,563,110,973,865,214,644,707,292,880,368,586,131,677,587,165,840,701,303,975,1039,723,639},
{759,242,198,430,747,271,681,218,384,887,663,371,617,219,214,453,134,325,565,335,405,292,126,174,199,733,174,373,766,202,727,0,325,440,627,305,645,159,273,826,90,605,683,261,206,924,303,528,371,731,730,478,378,182,651,660,960,193,976,723,746,721,655,308,339,634,198,132,270,439,321,251,551,237,777,342,199,154,352,379,118,788,413,755,649,582,616,612,340,580,345,626,249,135,725,251,318,933,417,245,388,559,590,149,814,645,492,686,750,532,441,273,307,568,533,312,785,618,406,426,707,686,730,301,223,594,423,163,601,307,366,232,698,427,496,564,402,149,512,617,449,175,226},
{657,518,361,141,906,353,857,155,708,927,905,696,903,262,534,382,321,159,537,158,558,387,397,375,465,732,482,64,887,510,541,325,0,660,518,406,417,295,241,854,240,440,570,127,526,941,605,730,76,492,797,793,548,438,933,840,1008,389,1011,856,909,520,457,416,150,667,353,263,305,444,342,260,722,560,702,182,496,319,458,392,430,863,216,912,410,356,909,363,636,878,20,643,402,257,749,75,327,962,322,148,357,439,500,362,858,349,450,464,530,514,580,592,338,852,537,500,521,547,678,715,563,763,592,626,354,348,599,208,319,345,217,396,572,619,627,384,674,211,471,882,769,217,435},
{653,211,300,685,322,321,250,506,376,564,245,391,296,657,446,464,352,548,443,742,146,292,314,596,563,497,302,723,371,288,743,440,660,0,578,735,745,368,441,528,468,639,617,538,449,621,234,92,660,823,405,340,132,564,315,228,617,277,645,323,319,761,711,736,743,390,630,570,710,367,761,412,143,422,629,543,514,591,776,359,464,441,589,330,763,702,323,752,206,310,679,407,672,413,458,594,757,614,485,654,412,560,536,573,499,847,436,764,808,416,164,312,360,251,386,161,902,524,131,191,675,360,682,409,657,735,99,588,791,746,534,265,644,66,181,636,129,573,440,241,360,604,231},
{140,613,460,414,623,374,617,455,869,476,773,872,872,728,803,173,503,370,142,675,434,371,574,779,826,273,658,564,551,672,171,627,518,578,0,871,240,470,360,402,561,117,57,436,799,466,710,582,454,286,407,887,457,807,888,612,555,490,545,546,631,199,175,879,668,278,783,677,785,225,833,376,524,806,185,344,819,734,926,266,737,466,303,627,265,243,901,289,711,888,524,244,840,493,316,516,820,496,217,637,241,80,43,756,423,415,152,231,249,163,415,755,326,829,197,475,369,70,685,747,97,399,110,842,797,281,479,643,369,831,308,450,73,512,417,164,681,634,142,806,890,662,500},
{1011,526,498,547,1049,558,981,416,558,1186,940,536,860,148,352,705,431,511,840,285,709,585,427,140,209,1021,439,408,1071,461,932,305,406,735,871,0,818,445,516,1122,326,820,928,440,344,1219,553,826,481,896,1031,676,683,191,895,960,1261,496,1275,1027,1047,916,850,11,295,928,106,200,103,718,90,508,854,390,1041,536,271,153,55,656,281,1091,596,1057,813,755,847,767,595,809,415,916,66,404,1018,370,104,1230,655,258,650,796,842,162,1112,750,758,865,931,809,746,491,583,816,817,617,927,879,677,678,937,988,963,455,82,752,727,228,724,75,570,534,936,729,801,768,673,237,780,880,636,210,530},
{330,717,537,278,850,462,833,432,966,713,967,963,1039,671,851,281,553,323,363,568,600,477,639,760,832,513,734,438,785,755,144,645,417,745,240,818,0,515,383,640,560,126,259,394,845,699,819,771,341,87,646,1011,614,808,1060,825,792,573,779,775,857,111,71,828,559,512,750,647,719,382,759,413,725,864,396,303,843,707,871,388,763,705,233,854,25,64,1062,66,832,1041,413,478,804,515,556,449,744,731,268,561,337,203,261,742,663,184,321,48,113,369,594,844,411,991,407,609,157,308,829,886,210,634,237,915,757,72,650,599,149,761,279,545,241,682,612,110,825,596,327,984,1004,614,601},
{601,230,69,350,642,114,584,142,458,742,611,452,610,326,341,297,38,219,406,377,287,141,126,326,358,578,222,357,644,246,581,159,295,368,470,445,515,0,132,677,122,458,526,182,335,774,327,444,309,602,589,521,269,342,639,565,817,93,830,605,643,580,514,450,377,483,342,248,385,280,439,103,448,351,618,227,349,293,497,220,267,651,294,649,522,454,619,493,351,589,315,472,397,48,574,226,431,785,266,293,230,406,432,302,668,549,333,552,613,373,318,335,148,559,376,212,664,458,384,425,554,547,576,400,363,474,320,243,499,429,239,108,542,334,372,423,380,228,352,587,506,262,139},
{497,348,165,244,666,120,619,109,587,701,685,583,710,378,470,189,170,107,327,370,323,152,257,419,471,517,353,304,647,376,454,273,241,441,360,516,383,132,0,631,202,332,417,116,464,723,449,500,223,470,563,644,318,450,737,603,781,201,788,615,669,450,384,523,366,438,424,319,437,215,489,33,485,482,525,105,471,375,571,157,389,628,166,672,391,323,724,362,468,698,257,419,481,138,525,196,477,740,145,305,136,289,327,397,630,427,243,420,482,299,341,465,97,660,314,281,532,362,486,535,436,526,460,532,439,343,367,291,374,483,109,186,429,391,387,294,482,280,265,675,631,310,238},
{340,686,627,783,350,564,391,740,902,75,596,915,755,997,929,475,693,695,321,998,449,537,722,999,1008,130,768,911,245,767,538,826,854,528,402,1122,640,677,631,0,797,518,385,741,928,99,749,468,806,672,124,864,482,999,754,401,157,637,157,275,360,575,572,1127,993,194,1019,924,1057,416,1110,627,395,915,272,673,976,970,1173,475,905,121,662,348,666,643,794,691,728,798,865,212,1073,719,106,825,1101,109,535,936,500,462,392,974,41,817,405,624,623,340,409,821,545,729,318,542,752,340,658,717,447,167,429,920,1040,683,460,910,769,1102,640,595,409,481,362,562,657,898,385,668,887,930,617},
{698,292,185,340,758,233,697,130,468,863,704,456,677,204,303,390,120,238,516,276,405,262,167,218,273,695,244,292,764,272,649,90,240,468,561,326,560,122,202,797,0,529,618,172,296,894,370,551,282,646,711,555,384,251,710,677,939,195,951,724,758,641,574,331,278,603,227,127,263,392,317,187,563,326,722,257,283,177,379,331,206,773,328,765,563,497,680,525,404,647,260,590,283,78,693,165,309,906,346,187,329,490,527,195,789,555,437,603,667,484,437,352,258,628,491,322,697,560,458,487,637,669,661,389,245,507,433,123,512,307,284,224,630,443,492,485,454,108,458,668,530,141,239},
{230,637,466,319,725,384,711,409,892,592,852,891,935,672,799,181,496,309,237,598,493,391,576,742,801,390,668,477,658,686,122,605,440,639,117,820,126,458,332,518,529,0,148,380,794,582,738,657,369,188,519,925,511,780,953,704,672,500,661,650,732,126,72,828,590,385,739,633,727,273,772,357,607,808,289,284,803,692,874,291,721,580,226,728,151,127,960,172,746,942,442,352,796,470,431,452,758,613,193,572,248,81,135,721,539,299,205,129,169,246,482,773,331,889,284,515,270,182,733,792,123,507,153,851,750,165,542,593,253,771,250,466,139,574,495,57,729,586,207,876,922,610,520},
{87,664,515,460,637,429,636,512,919,457,802,923,910,784,858,230,559,424,174,728,475,424,629,836,883,262,712,614,557,725,157,683,570,617,57,928,259,526,417,385,618,148,0,492,854,440,759,614,504,288,408,933,501,864,923,633,534,544,521,557,645,192,188,936,721,289,840,734,841,274,889,433,553,860,142,399,875,791,983,319,793,462,355,639,284,274,940,315,759,928,575,256,897,550,311,571,876,473,274,692,297,133,95,813,411,440,203,239,242,202,453,807,382,867,232,523,368,94,728,791,67,407,65,895,854,310,519,700,398,886,363,504,28,552,450,202,725,691,190,840,938,718,552},
{576,411,242,173,779,226,730,44,625,813,783,616,791,293,474,280,214,73,430,257,432,260,298,367,439,624,391,191,762,417,495,261,127,538,436,440,394,182,116,741,172,380,492,0,467,831,505,605,127,479,677,698,423,415,820,714,893,273,898,730,782,483,416,448,252,550,360,255,349,326,397,134,595,494,613,97,455,315,494,271,378,743,162,786,395,330,801,355,532,771,144,529,416,154,635,84,385,850,223,202,241,358,410,348,742,385,343,438,504,404,453,504,212,740,423,377,526,452,565,607,497,642,524,554,370,337,473,212,340,395,131,274,498,494,501,330,561,206,365,765,679,229,317},
{923,247,340,636,771,425,697,424,217,980,617,196,519,347,9,628,299,529,715,502,480,434,226,220,137,856,161,567,816,165,916,206,526,449,799,344,845,335,464,928,296,794,854,467,0,1027,229,540,576,932,818,333,447,153,554,675,1045,314,1067,768,767,915,849,340,509,749,264,282,371,589,406,437,587,46,930,545,75,254,368,536,97,867,615,778,850,782,504,816,269,466,544,749,278,329,836,454,411,1029,602,420,559,739,759,210,909,851,653,884,946,680,520,155,473,478,672,387,988,778,358,346,887,771,907,116,289,797,477,335,807,388,565,357,872,466,570,758,356,325,671,548,293,337,319},
{379,784,725,863,411,660,463,832,996,68,668,1009,834,1092,1027,560,791,782,405,1088,547,634,821,1097,1106,209,866,997,306,865,583,924,941,621,466,1219,699,774,723,99,894,582,440,831,1027,0,845,556,890,721,215,954,580,1097,830,476,104,736,81,345,422,622,628,1224,1083,291,1116,1020,1153,509,1206,721,485,1013,309,760,1075,1067,1270,569,1003,189,743,408,724,709,874,753,823,881,952,305,1170,816,200,916,1196,38,620,1028,590,533,463,1072,122,879,491,677,667,428,507,918,640,811,409,640,796,411,751,808,495,261,473,1017,1137,747,557,1006,835,1198,725,693,460,577,459,630,749,993,470,746,979,1025,715},
{813,102,284,676,550,357,475,463,162,792,390,169,315,513,224,557,292,545,596,638,310,347,209,416,358,699,129,661,605,101,856,303,605,234,710,553,819,327,449,749,370,738,759,505,229,845,0,320,631,904,630,195,278,367,350,453,849,248,875,556,545,864,804,552,641,589,457,430,554,485,599,416,376,194,805,551,301,429,585,449,273,672,615,557,831,764,312,807,41,278,625,597,487,352,668,530,600,841,553,548,490,668,667,398,724,874,558,849,904,563,347,79,409,268,544,237,974,671,130,126,806,584,820,175,485,788,289,466,823,582,558,274,782,268,388,717,128,452,569,327,185,477,219},
{638,303,375,741,231,381,158,576,452,496,196,469,302,744,537,492,433,606,441,821,180,349,402,687,655,457,394,794,288,380,752,528,730,92,582,826,771,444,500,468,551,657,614,605,540,556,320,0,723,844,344,398,183,656,311,136,542,357,572,238,227,774,730,827,821,358,721,657,798,389,849,474,73,512,605,599,605,680,867,396,555,371,637,238,790,734,337,786,288,335,748,381,763,491,412,667,845,545,523,735,450,576,542,664,435,888,452,785,823,419,178,400,412,267,385,233,925,521,203,254,676,302,680,494,747,769,133,672,832,835,585,337,642,111,165,662,203,657,451,226,425,689,312},
{591,538,368,67,884,341,840,169,747,880,905,736,917,335,584,331,340,120,486,230,546,374,423,442,528,681,515,110,857,542,467,371,76,660,454,481,341,309,223,806,282,369,504,127,576,890,631,723,0,416,757,824,540,501,946,825,961,400,962,829,888,445,383,490,221,623,424,328,380,405,418,249,707,608,639,137,554,386,533,359,483,824,151,890,334,281,928,287,659,898,73,598,474,279,702,126,403,913,271,222,317,375,439,427,813,281,401,389,455,466,562,627,316,867,493,499,448,488,692,734,493,726,522,671,425,273,590,275,247,421,167,398,504,613,606,313,688,275,421,890,803,286,444},
{342,802,624,351,908,547,897,517,1053,743,1039,1050,1118,750,938,360,640,409,421,638,678,561,726,844,917,549,821,507,836,842,138,731,492,823,286,896,87,602,470,672,646,188,288,479,932,721,904,844,416,0,692,1096,693,893,1138,890,818,659,802,831,916,98,115,906,629,564,832,730,796,457,834,500,794,952,412,389,929,790,949,468,850,749,319,911,84,150,1142,129,916,1123,486,530,885,602,597,530,818,755,352,638,420,268,316,826,699,204,392,59,60,433,668,931,496,1071,470,691,83,356,911,969,226,685,247,1002,837,144,727,681,192,837,366,631,264,759,683,190,907,678,394,1061,1090,695,686},
{388,572,533,745,247,479,276,669,780,163,478,794,632,914,817,433,600,641,291,932,338,449,620,904,904,159,657,857,152,654,566,730,797,405,407,1031,646,589,563,124,711,519,408,677,818,215,630,344,757,692,0,740,370,897,633,283,230,538,249,167,258,600,582,1035,929,138,926,836,974,354,1027,554,271,801,330,621,869,878,1081,407,801,66,622,248,670,636,671,687,608,675,810,170,979,634,103,759,1019,212,491,863,441,450,385,879,93,811,364,638,650,299,298,704,470,605,267,433,774,338,535,593,475,47,464,803,949,676,344,829,759,1018,591,498,435,362,247,553,534,815,347,546,764,848,513},
{979,296,479,870,597,549,523,655,122,894,365,146,212,669,325,743,486,740,764,810,463,535,401,551,468,837,311,847,677,283,1040,478,793,340,887,676,1011,521,644,864,555,925,933,698,333,954,195,398,824,1096,740,0,434,486,246,504,938,443,969,629,589,1051,992,672,815,729,595,593,701,663,738,611,469,287,962,746,405,579,696,633,413,769,810,604,1023,957,185,1001,179,147,813,744,611,545,798,718,742,943,743,722,678,852,844,538,832,1069,736,1040,1093,733,493,205,600,190,708,412,1166,842,211,149,984,697,996,222,621,982,427,637,1018,721,753,466,958,398,520,907,214,624,745,275,46,645,411},
{545,204,200,560,374,199,315,395,438,533,369,447,425,584,447,334,264,424,330,646,34,166,257,548,538,422,287,612,388,285,618,378,548,132,457,683,614,269,318,482,384,511,501,423,447,580,278,183,540,693,370,434,0,533,445,296,599,190,620,345,374,634,582,685,645,312,576,500,641,239,694,291,180,433,531,417,500,531,729,228,434,422,460,381,631,570,449,621,267,433,566,320,625,317,394,487,688,581,354,562,280,433,414,524,461,716,310,635,680,299,73,343,231,378,274,66,771,408,228,290,555,324,564,441,601,603,51,506,660,682,406,161,526,74,124,505,224,491,316,372,444,525,152},
{941,354,375,566,885,452,814,377,369,1057,756,347,669,213,161,634,314,485,747,378,563,471,278,75,28,911,263,467,917,280,900,182,438,564,807,191,808,342,450,999,251,780,864,415,153,1097,367,656,501,893,897,486,533,0,705,792,1128,362,1146,872,882,892,825,188,386,810,117,175,225,620,255,431,693,199,959,506,83,125,219,561,101,953,575,892,809,744,656,769,408,618,454,803,125,315,900,375,261,1104,595,308,570,739,772,77,984,783,674,852,917,714,602,301,490,627,713,467,939,800,493,490,886,852,910,266,140,752,572,231,745,237,534,404,878,568,656,736,490,227,694,692,446,226,385},
{949,418,579,980,429,622,368,782,363,764,166,387,36,862,547,779,612,843,749,983,460,597,543,761,691,763,477,993,528,451,1055,651,933,315,888,895,1060,639,737,754,710,953,923,820,554,830,350,311,946,1138,633,246,445,705,0,354,791,547,827,486,420,1075,1025,892,986,667,804,779,903,681,946,706,380,510,915,842,629,778,922,673,618,641,894,435,1077,1015,65,1065,311,99,953,691,829,676,714,860,948,811,798,893,725,874,846,744,716,1155,750,1079,1122,725,474,404,666,82,692,460,1216,829,255,225,984,597,988,456,831,1047,412,813,1100,930,838,551,951,379,474,950,259,799,752,87,292,825,503},
{639,439,496,835,97,488,22,689,573,410,195,592,359,874,672,558,558,705,471,942,282,453,535,821,791,428,530,904,177,515,783,660,840,228,612,960,825,565,603,401,677,704,633,714,675,476,453,136,825,890,283,504,296,792,354,0,442,482,476,132,92,810,775,961,941,349,855,788,929,454,981,580,118,646,593,694,741,813,1002,477,691,287,723,105,847,796,400,849,418,410,858,380,898,612,374,782,977,457,599,858,529,624,576,798,362,961,505,832,860,458,262,532,509,340,420,355,973,544,329,372,699,254,697,625,881,834,245,800,905,967,675,457,662,234,223,718,330,784,498,270,537,817,440},
{478,798,763,940,362,706,425,890,992,82,626,1008,799,1141,1044,631,830,849,477,1150,567,677,850,1134,1134,286,885,1066,264,881,681,960,1008,617,555,1261,792,817,781,157,939,672,534,893,1045,104,849,542,961,818,230,938,599,1128,791,442,0,769,40,311,372,720,722,1265,1146,343,1156,1065,1201,567,1255,775,476,1026,408,828,1098,1108,1311,625,1031,178,818,357,817,797,840,844,823,852,1020,365,1209,861,259,976,1246,66,691,1085,652,617,547,1109,151,970,561,773,766,495,527,925,692,782,471,662,895,495,744,797,592,276,571,1023,1179,836,568,1055,923,1246,795,728,555,582,475,717,743,1042,540,710,967,1075,743},
{610,147,36,436,563,117,502,235,394,697,518,392,518,395,317,324,76,301,401,465,214,120,89,366,372,551,169,451,576,186,620,193,389,277,490,496,573,93,201,637,195,500,544,273,314,736,248,357,400,659,538,443,190,362,547,482,769,0,785,534,563,625,562,500,466,448,391,310,451,276,504,168,368,317,616,305,347,344,545,224,270,596,367,571,583,516,529,559,267,501,408,443,441,136,538,319,499,743,309,379,254,436,449,341,623,627,341,605,662,366,249,273,168,467,360,126,726,465,293,337,581,494,599,353,415,540,238,318,575,492,309,44,563,248,304,473,288,303,357,493,432,336,46},
{460,821,778,938,399,718,460,897,1020,89,662,1036,834,1152,1066,631,845,852,476,1155,587,689,868,1150,1153,282,907,1068,299,903,664,976,1011,645,545,1275,779,830,788,157,951,661,521,898,1067,81,875,572,962,802,249,969,620,1146,827,476,40,785,0,344,409,703,709,1279,1151,350,1171,1078,1212,573,1266,784,504,1050,390,830,1119,1122,1325,632,1050,203,817,395,804,788,876,833,850,886,1022,369,1224,873,263,982,1256,49,692,1093,657,611,540,1125,162,959,562,758,748,497,547,950,701,816,475,682,877,488,772,827,576,296,554,1049,1193,827,591,1066,914,1257,797,744,540,607,496,708,772,1053,541,745,998,1086,761},
{547,523,540,829,81,510,118,713,690,278,324,707,491,927,766,529,606,709,413,974,320,476,601,892,874,323,614,919,49,605,712,723,856,323,546,1027,775,605,615,275,724,650,557,730,768,345,556,238,829,831,167,629,345,872,486,132,311,534,344,0,91,744,718,1030,972,269,921,844,985,432,1038,598,182,744,494,693,830,877,1073,470,771,157,710,83,799,756,532,808,526,541,872,302,969,653,267,806,1032,325,579,896,516,573,516,868,235,927,467,775,794,408,287,635,518,472,371,411,914,476,441,491,624,152,617,731,946,795,301,847,873,1026,669,501,585,304,234,674,441,832,455,402,660,866,497},
{638,529,575,893,11,557,70,761,664,354,254,683,430,957,764,602,638,767,495,1018,356,523,621,909,881,414,620,972,117,606,800,746,909,319,631,1047,857,643,669,360,758,732,645,782,767,422,545,227,888,916,258,589,374,882,420,92,372,563,409,91,0,830,801,1049,1017,356,942,872,1013,501,1065,648,196,738,585,754,832,899,1090,532,781,240,777,15,880,834,472,887,510,486,925,389,986,690,359,854,1061,398,648,936,582,654,600,886,320,1003,543,859,881,488,330,624,573,418,450,437,999,562,421,461,712,242,706,716,968,873,325,881,948,1053,732,535,673,319,282,753,422,866,532,341,624,899,523},
{244,763,591,385,822,509,815,516,1018,645,967,1017,1057,768,920,307,617,410,339,674,615,517,699,849,915,454,792,546,746,811,40,721,520,761,199,916,111,580,450,575,641,126,192,483,915,622,864,774,445,98,600,1051,634,892,1075,810,720,625,703,744,830,0,67,925,665,475,843,738,819,395,861,477,720,930,314,387,920,798,970,417,839,655,321,825,129,165,1083,177,872,1066,518,442,898,588,503,546,846,657,316,662,374,201,234,830,603,284,325,67,51,356,601,898,457,1012,392,640,176,268,858,917,129,596,149,975,851,183,663,693,258,862,358,592,167,696,610,157,854,688,323,995,1048,709,646},
{258,702,528,325,794,447,782,449,956,644,924,954,1007,703,854,250,552,343,306,613,565,457,635,782,848,446,728,486,724,748,85,655,457,711,175,850,71,514,384,572,574,72,188,416,849,628,804,730,383,115,582,992,582,825,1025,775,722,562,709,718,801,67,0,859,604,451,776,671,754,344,797,412,679,865,325,321,853,731,904,360,772,641,255,797,96,107,1031,133,813,1013,456,418,831,521,491,480,782,661,253,597,314,153,202,763,596,255,277,57,101,317,554,835,395,960,355,584,198,245,803,862,139,573,167,911,785,134,614,627,218,798,291,531,170,646,567,91,799,622,279,948,989,643,585},
{1018,527,502,557,1050,563,982,424,553,1191,939,531,857,157,348,712,435,520,846,295,712,590,429,140,204,1026,439,418,1073,460,941,308,416,736,879,11,828,450,523,1127,331,828,936,448,340,1224,552,827,490,906,1035,672,685,188,892,961,1265,500,1279,1030,1049,925,859,0,305,933,109,206,113,724,100,514,856,386,1048,544,267,157,48,662,280,1095,605,1058,823,765,844,777,593,806,425,921,65,409,1023,379,114,1235,662,268,657,803,849,163,1117,760,765,874,941,815,749,489,589,814,822,619,937,886,676,676,945,992,972,451,87,762,729,236,734,86,578,538,944,731,804,777,673,245,786,878,631,219,533},
{807,570,446,281,1015,462,960,261,714,1065,981,698,953,175,518,527,390,304,680,10,661,496,445,312,414,875,512,122,1007,541,688,339,150,743,668,295,559,377,366,993,278,590,721,252,509,1083,641,821,221,629,929,815,645,386,986,941,1146,466,1151,972,1017,665,604,305,0,803,277,226,193,578,215,377,824,551,851,328,460,262,340,522,413,994,366,1022,549,500,954,501,677,919,149,782,311,331,888,170,199,1103,467,94,494,589,649,310,995,463,593,607,671,655,688,610,460,904,675,589,648,695,736,762,713,892,742,621,267,488,696,178,445,223,364,485,722,711,739,534,731,191,615,946,784,172,511},
{289,514,436,608,348,370,350,547,748,263,530,758,660,803,750,296,501,509,153,807,279,343,535,807,820,110,589,726,273,592,444,634,667,390,278,928,512,483,438,194,603,385,289,550,749,291,589,358,623,564,138,729,312,810,667,349,343,448,350,269,356,475,451,933,803,0,825,730,863,224,916,433,288,740,248,488,792,776,980,282,718,203,485,351,536,499,695,551,575,691,679,34,880,525,91,634,907,304,355,743,310,313,251,782,192,674,226,508,526,161,242,655,351,624,131,364,647,208,518,580,356,122,350,753,846,539,304,716,621,908,457,405,317,332,209,416,515,703,209,581,745,736,432},
{921,423,393,491,943,456,876,331,481,1082,840,460,769,102,273,613,326,433,743,269,603,482,321,44,143,920,338,371,964,361,856,198,353,630,783,106,750,342,424,1019,227,739,840,360,264,1116,457,721,424,832,926,595,576,117,804,855,1156,391,1171,921,942,843,776,109,277,825,0,106,108,619,143,412,748,310,948,457,199,50,155,557,186,986,521,951,748,686,759,704,498,721,367,814,57,303,916,302,147,1126,566,211,555,709,751,60,1008,702,663,796,862,711,640,401,484,724,717,510,870,785,577,583,853,883,879,380,27,688,621,151,670,126,489,429,850,623,695,690,574,155,684,784,557,138,424},
{815,374,306,394,872,360,808,224,489,989,795,472,745,87,291,508,239,327,640,220,524,388,256,114,202,821,302,293,885,328,750,132,263,570,677,200,647,248,319,924,127,633,734,255,282,1020,430,657,328,730,836,593,500,175,779,788,1065,310,1078,844,872,738,671,206,226,730,106,0,141,518,194,309,676,324,843,351,239,60,253,457,187,898,417,880,646,583,741,603,468,705,279,717,163,205,820,203,189,1032,460,139,451,602,645,99,916,610,559,692,758,609,558,389,383,697,617,435,771,681,537,554,747,794,772,394,121,587,547,56,574,183,383,344,744,554,613,585,533,53,580,748,560,55,349},
{925,509,446,446,1013,495,949,332,588,1124,930,568,868,60,380,623,379,419,764,184,665,525,396,152,250,950,430,305,1026,455,837,270,305,710,785,103,719,385,437,1057,263,727,841,349,371,1153,554,798,380,796,974,701,641,225,903,929,1201,451,1212,985,1013,819,754,113,193,863,108,141,0,646,54,433,818,417,959,444,308,125,153,585,288,1036,501,1021,713,657,861,667,595,823,313,848,123,340,952,274,48,1166,570,158,573,708,757,162,1051,647,680,766,833,734,699,503,513,822,746,577,825,797,669,680,846,932,873,487,86,652,688,147,622,46,480,484,847,695,753,674,665,160,702,878,663,128,490},
{335,389,251,398,496,169,465,324,645,487,585,649,662,586,592,104,306,287,127,583,221,155,364,606,635,304,441,504,456,453,380,439,444,367,225,718,382,280,215,416,392,273,274,326,589,509,485,389,405,457,354,663,239,620,681,454,567,276,573,432,501,395,344,724,578,224,619,518,646,0,699,213,346,592,342,268,618,569,771,62,538,420,278,501,401,345,688,398,487,671,457,204,675,316,310,409,688,526,147,520,88,194,182,581,416,507,73,398,441,93,212,533,135,617,100,251,537,190,464,525,321,321,335,622,638,382,269,499,451,692,240,233,297,302,234,272,460,487,84,604,666,518,280},
{974,558,500,483,1066,548,1001,382,623,1178,978,602,911,113,415,673,432,466,816,205,718,578,447,187,277,1003,477,334,1079,501,880,321,342,761,833,90,759,439,489,1110,317,772,889,397,406,1206,599,849,418,834,1027,738,694,255,946,981,1255,504,1266,1038,1065,861,797,100,215,916,143,194,54,699,0,486,870,452,1009,491,338,171,126,637,329,1089,546,1074,752,697,902,705,640,865,348,901,137,393,1006,320,16,1220,619,200,624,756,807,202,1104,677,731,806,872,786,752,544,566,866,798,629,859,847,716,725,892,986,920,521,117,691,741,200,655,18,527,538,895,747,807,718,713,213,753,924,699,180,543},
{511,315,133,275,646,93,597,116,556,696,656,551,678,373,443,204,141,137,332,380,299,127,226,405,450,517,322,324,631,344,479,251,260,412,376,508,413,103,33,627,187,357,433,134,437,721,416,474,249,500,554,611,291,431,706,580,775,168,784,598,648,477,412,514,377,433,412,309,433,213,486,0,462,453,535,137,447,363,562,152,365,618,198,653,421,353,693,393,436,666,277,416,469,116,522,208,475,737,166,310,143,308,341,381,624,459,251,449,510,301,319,433,83,628,313,251,563,373,454,503,456,516,479,502,429,375,342,286,407,479,141,155,447,364,367,321,450,274,272,645,599,306,206},
{572,342,380,719,196,369,136,571,517,425,249,532,373,762,585,451,443,588,383,825,164,335,427,716,694,385,434,786,230,423,695,551,722,143,524,854,725,448,485,395,563,607,553,595,587,485,376,73,707,794,271,469,180,693,380,118,476,368,504,182,196,720,679,856,824,288,748,676,818,346,870,462,0,562,536,577,648,705,898,363,592,301,609,203,745,691,409,744,348,408,739,312,794,496,339,664,865,475,488,742,416,526,486,693,363,852,404,735,769,364,145,454,391,340,327,241,876,460,268,323,617,229,618,552,774,728,130,685,796,857,560,341,581,125,113,616,268,670,400,294,495,703,327},
{926,229,346,665,742,432,668,450,171,964,578,151,475,391,38,638,313,553,715,545,466,437,233,266,182,848,152,604,792,148,930,237,560,422,806,390,864,351,482,915,326,808,860,494,46,1013,194,512,608,952,801,287,433,199,510,646,1026,317,1050,744,738,930,865,386,551,740,310,324,417,592,452,453,562,0,930,568,119,299,412,541,137,849,638,750,871,803,459,838,233,421,579,742,324,351,825,487,457,1013,615,461,568,750,765,256,893,879,658,902,963,681,506,117,481,435,670,376,1010,781,323,306,896,755,915,71,336,820,459,375,834,435,586,358,879,445,554,774,321,365,674,507,247,379,315},
{70,717,593,599,575,510,591,627,966,337,777,973,907,900,933,336,647,550,216,858,500,497,705,939,975,171,779,748,482,787,274,777,702,629,185,1041,396,618,525,272,722,289,142,613,930,309,805,605,639,412,330,962,531,959,915,593,408,616,390,494,585,314,325,1048,851,248,948,843,959,342,1009,535,536,930,0,525,960,898,1095,399,880,371,488,576,421,415,941,455,797,935,708,225,1004,648,227,695,997,344,390,815,393,264,203,916,305,579,286,370,358,250,469,862,470,870,262,568,487,162,752,815,188,344,164,956,964,451,536,814,539,1005,488,574,155,566,449,344,749,804,266,830,974,833,616},
{484,451,270,142,750,222,709,129,685,747,786,678,815,389,551,200,264,26,355,334,419,251,353,462,529,551,449,238,721,473,399,342,182,543,344,536,303,227,105,673,257,284,399,97,545,760,551,599,137,389,621,746,417,506,842,694,828,305,830,693,754,387,321,544,328,488,457,351,444,268,491,137,577,568,525,0,540,411,590,223,461,687,71,756,306,240,830,271,572,803,192,463,512,217,568,172,478,781,140,293,180,265,322,442,678,323,268,346,411,333,432,562,187,765,358,384,443,367,592,640,401,590,429,623,466,252,465,309,272,489,36,292,404,491,473,234,587,303,290,779,732,326,344},
{948,306,367,616,836,450,763,413,286,1031,690,265,593,291,82,646,316,521,745,453,532,464,258,156,63,897,215,531,877,226,925,199,496,514,819,271,843,349,471,976,283,803,875,455,75,1075,301,605,554,929,869,405,500,83,629,741,1098,347,1119,830,832,920,853,267,460,792,199,239,308,618,338,447,648,119,960,540,0,199,293,562,82,921,611,844,846,780,579,809,341,540,513,789,206,333,881,428,344,1079,613,377,578,754,781,152,959,833,678,884,948,711,571,229,494,553,706,436,981,804,430,420,903,823,925,184,223,791,534,294,793,320,564,391,891,526,623,763,427,287,696,622,364,293,360},
{872,387,345,452,900,407,834,284,468,1034,806,449,743,93,263,564,278,387,693,254,558,433,279,56,153,870,306,343,919,330,810,154,319,591,734,153,707,293,375,970,177,692,791,315,254,1067,429,680,386,790,878,579,531,125,778,813,1108,344,1122,877,899,798,731,157,262,776,50,60,125,569,171,363,705,299,898,411,199,0,204,508,165,938,477,908,706,643,736,663,470,699,333,765,106,254,867,262,171,1078,517,184,505,660,702,48,960,667,613,752,818,661,594,379,434,697,667,466,830,736,545,555,805,835,831,370,71,646,577,111,632,156,442,382,801,581,649,644,541,112,634,754,543,103,379},
{1066,566,548,599,1092,610,1023,471,576,1237,974,553,886,202,375,760,481,566,894,330,757,637,472,181,231,1073,477,456,1117,496,986,352,458,776,926,55,871,497,571,1173,379,874,983,494,368,1270,585,867,533,949,1081,696,729,219,922,1002,1311,545,1325,1073,1090,970,904,48,340,980,155,253,153,771,126,562,898,412,1095,590,293,204,0,710,315,1140,650,1100,866,809,872,820,627,833,466,968,104,456,1070,424,142,1281,710,311,704,850,896,205,1163,799,812,918,985,862,793,519,636,844,870,663,978,933,711,709,991,1037,1018,474,134,805,772,283,775,117,625,584,991,773,848,822,708,292,834,911,654,265,577},
{387,349,197,360,528,111,490,265,606,545,590,608,652,525,540,110,248,239,187,526,218,105,310,545,576,366,393,453,498,407,407,379,392,359,266,656,388,220,157,475,331,291,319,271,536,569,449,396,359,468,407,633,228,561,673,477,625,224,632,470,532,417,360,662,522,282,557,457,585,62,637,152,363,541,399,223,562,508,710,0,481,472,246,534,404,342,674,393,455,654,406,264,613,254,370,353,627,585,127,461,54,219,225,521,473,492,117,411,460,154,220,490,73,604,161,224,545,242,443,501,359,371,376,576,576,376,267,437,436,630,200,184,339,298,254,279,439,425,135,600,632,457,235},
{866,253,288,543,784,370,713,336,304,962,659,286,582,256,106,564,234,443,665,407,465,385,183,144,104,821,162,470,817,181,843,118,430,464,737,281,763,267,389,905,206,721,793,378,97,1003,273,555,483,850,801,413,434,101,618,691,1031,270,1050,771,781,839,772,280,413,718,186,187,288,538,329,365,592,137,880,461,82,165,315,481,0,855,531,791,767,700,573,730,314,536,448,714,215,251,807,359,332,1009,531,324,497,672,699,127,889,760,597,804,868,631,504,215,413,538,628,369,903,723,396,398,821,755,843,208,213,712,472,238,717,312,484,314,809,467,557,682,393,228,616,600,377,241,288},
{433,621,593,810,229,542,275,734,817,125,480,832,645,976,866,499,660,707,355,997,390,511,675,962,959,204,708,923,124,703,619,788,863,441,466,1091,705,651,628,121,773,580,462,743,867,189,672,371,824,749,66,769,422,953,641,287,178,596,203,157,240,655,641,1095,994,203,986,898,1036,420,1089,618,301,849,371,687,921,938,1140,472,855,0,688,228,730,698,685,749,647,692,876,234,1037,696,152,824,1081,175,557,927,507,512,446,937,80,873,430,696,704,364,351,747,535,622,333,486,830,397,569,624,528,104,515,846,1009,738,390,891,822,1080,657,557,488,405,298,615,569,877,412,557,795,911,568},
{441,514,331,123,772,272,736,199,752,736,829,746,869,448,622,189,332,90,341,374,457,298,420,529,599,535,517,260,733,540,336,413,216,589,303,596,233,294,166,662,328,226,355,162,615,743,615,637,151,319,622,810,460,575,894,723,818,367,817,710,777,321,255,605,366,485,521,417,501,278,546,198,609,638,488,71,611,477,650,246,531,688,0,778,236,169,886,200,634,861,220,457,577,287,559,227,531,767,132,346,195,224,288,510,671,262,259,276,342,325,465,629,229,819,355,434,373,338,647,698,348,595,377,692,530,182,505,372,209,546,57,349,356,533,501,172,643,367,278,828,797,388,403},
{630,539,581,894,8,562,83,765,677,340,269,696,445,965,775,601,646,770,492,1024,362,527,630,919,892,405,631,976,104,618,794,755,912,330,627,1057,854,649,672,348,765,728,639,786,778,408,557,238,890,911,248,604,381,892,435,105,357,571,395,83,15,825,797,1058,1022,351,951,880,1021,501,1074,653,203,750,576,756,844,908,1100,534,791,228,778,0,877,832,487,885,523,501,929,384,996,697,349,858,1069,384,648,942,583,651,596,895,307,1002,541,855,876,485,334,637,576,433,447,445,995,557,434,475,706,234,699,729,977,871,333,888,947,1061,734,542,667,328,285,751,435,873,530,356,639,906,531},
{354,729,548,269,873,475,855,433,976,739,986,972,1056,666,856,299,561,325,386,558,619,491,648,759,833,538,743,428,808,765,164,649,410,763,265,813,25,522,391,666,563,151,284,395,850,724,831,790,334,84,670,1023,631,809,1077,847,817,583,804,799,880,129,96,823,549,536,748,646,713,401,752,421,745,871,421,306,846,706,866,404,767,730,236,877,0,68,1078,49,844,1057,404,502,801,521,581,446,737,756,282,556,353,225,285,742,688,160,342,62,123,392,613,854,424,1008,430,624,143,333,844,900,234,658,261,923,753,61,668,597,128,755,285,557,266,700,633,129,840,594,349,1002,1015,611,613},
{353,662,481,220,827,408,806,368,908,717,929,904,993,608,789,241,493,259,346,509,559,426,580,696,768,514,675,381,769,697,191,582,356,702,243,755,64,454,323,643,497,127,274,330,782,709,764,734,281,150,636,957,570,744,1015,796,797,516,788,756,834,165,107,765,500,499,686,583,657,345,697,353,691,803,415,240,780,643,809,342,700,698,169,832,68,0,1014,53,778,993,353,466,740,453,553,386,682,739,218,499,290,186,253,678,662,175,292,110,176,347,556,786,358,945,385,560,210,304,779,835,238,620,267,855,693,40,609,536,126,699,217,491,262,640,579,83,775,532,302,942,948,550,546},
{971,392,562,965,481,614,415,761,305,809,220,329,42,823,497,782,589,829,765,950,468,591,514,716,641,795,442,968,576,414,1066,616,909,323,901,847,1062,619,724,794,680,960,940,801,504,874,312,337,928,1142,671,185,449,656,65,400,840,529,876,532,472,1083,1031,844,954,695,759,741,861,688,902,693,409,459,941,830,579,736,872,674,573,685,886,487,1078,1014,0,1063,277,39,930,717,781,653,748,836,905,857,796,860,725,882,859,700,758,1147,759,1084,1129,739,487,358,660,72,708,455,1219,846,238,194,998,633,1005,401,786,1045,422,778,1093,885,829,538,966,389,494,953,243,764,763,131,231,789,487},
{390,705,523,222,880,454,859,395,949,765,981,944,1043,621,822,294,531,288,398,510,610,473,619,717,794,562,715,379,821,737,209,612,363,752,289,767,66,493,362,691,525,172,315,355,816,753,807,786,287,129,687,1001,621,769,1065,849,844,559,833,808,887,177,133,777,501,551,704,603,667,398,705,393,744,838,455,271,809,663,820,393,730,749,200,885,49,53,1063,0,823,1041,357,518,757,488,602,402,689,785,267,509,340,238,303,700,711,126,345,111,172,400,608,827,405,994,438,609,172,353,827,882,271,672,300,892,709,19,660,554,85,708,254,536,300,691,632,135,823,551,355,993,991,567,591},
{809,121,303,701,515,370,440,490,174,768,349,186,277,552,264,564,318,567,593,674,298,356,239,457,399,684,167,693,575,140,862,340,636,206,711,595,832,351,468,728,404,746,759,532,269,823,41,288,659,916,608,179,267,408,311,418,823,267,850,526,510,872,813,593,677,575,498,468,595,487,640,436,348,233,797,572,341,470,627,455,314,647,634,523,844,778,277,823,0,243,656,585,529,380,651,561,640,818,564,584,499,674,668,439,701,895,560,860,914,561,333,116,421,229,539,236,988,669,91,86,808,562,821,207,526,804,271,503,842,623,576,288,783,248,369,727,89,489,570,286,179,515,232},
{962,360,534,937,495,589,427,731,266,817,241,290,68,786,458,763,559,801,754,915,454,568,482,678,603,792,407,936,587,379,1050,580,878,310,888,809,1041,589,698,798,647,942,928,771,466,881,278,335,898,1123,675,147,433,618,99,410,852,501,886,541,486,1066,1013,806,919,691,721,705,823,671,865,666,408,421,935,803,540,699,833,654,536,692,861,501,1057,993,39,1041,243,0,898,711,743,622,747,804,867,865,775,825,704,865,845,663,763,1123,743,1065,1112,726,475,320,637,70,696,433,1199,834,214,164,985,635,992,362,748,1023,409,743,1069,847,803,512,954,376,486,933,218,729,748,148,193,754,460},
{661,538,381,135,923,370,874,174,728,939,924,715,923,273,552,392,341,170,547,157,576,404,417,389,481,743,502,47,903,530,540,345,20,679,524,415,413,315,257,865,260,442,575,144,544,952,625,748,73,486,810,813,566,454,953,858,1020,408,1022,872,925,518,456,425,149,679,367,279,313,457,348,277,739,579,708,192,513,333,466,406,448,876,220,929,404,353,930,357,656,898,0,655,414,277,761,95,333,973,331,158,369,444,507,378,870,337,461,460,526,525,597,612,354,872,549,519,512,555,698,735,565,777,594,646,365,343,617,223,309,352,226,415,575,638,644,385,694,227,482,902,789,231,454},
{261,518,429,580,381,358,381,528,757,284,557,766,683,788,750,268,492,485,121,786,287,334,532,797,815,108,590,701,307,595,410,626,643,407,244,916,478,472,419,212,590,352,256,529,749,305,597,381,598,530,170,744,320,803,691,380,365,443,369,302,389,442,418,921,782,34,814,717,848,204,901,416,312,742,225,463,789,765,968,264,714,234,457,384,502,466,717,518,585,711,655,0,869,512,106,613,891,321,328,724,288,280,217,773,215,641,198,474,492,132,252,661,335,646,106,368,613,174,532,595,323,156,318,758,835,506,317,701,589,893,431,400,284,346,226,383,530,688,179,606,758,721,430},
{978,463,446,541,988,511,919,387,493,1135,874,471,793,142,286,670,380,488,799,302,653,536,368,77,144,975,375,414,1013,395,911,249,402,672,840,66,804,397,481,1073,283,796,897,416,278,1170,487,763,474,885,979,611,625,125,829,898,1209,441,1224,969,986,898,831,65,311,880,57,163,123,675,137,469,794,324,1004,512,206,106,104,613,215,1037,577,996,801,740,781,757,529,743,414,869,0,359,970,355,146,1180,623,256,612,766,808,101,1062,750,720,850,916,767,690,425,540,750,773,559,921,842,611,612,910,935,936,390,48,741,668,205,720,119,545,481,907,668,745,746,608,210,741,814,570,190,473},
{627,261,116,327,689,156,631,111,473,785,654,464,645,280,336,320,64,204,440,331,335,185,144,291,334,617,238,317,691,264,592,135,257,413,493,404,515,48,138,719,78,470,550,154,329,816,352,491,279,602,634,545,317,315,676,612,861,136,873,653,690,588,521,409,331,525,303,205,340,316,393,116,496,351,648,217,333,254,456,254,251,696,287,697,521,453,653,488,380,622,277,512,359,0,615,185,385,828,282,246,256,424,457,267,712,534,362,555,618,408,366,351,181,595,414,258,660,487,421,458,572,592,596,406,323,469,367,196,486,384,236,155,563,381,419,431,416,182,383,626,526,215,182},
{285,598,526,682,349,460,370,634,825,178,565,836,710,892,837,371,591,590,219,893,361,434,625,897,910,56,676,806,255,677,468,725,749,458,316,1018,556,574,525,106,693,431,311,635,836,200,668,412,702,597,103,798,394,900,714,374,259,538,263,267,359,503,491,1023,888,91,916,820,952,310,1006,522,339,825,227,568,881,867,1070,370,807,152,559,349,581,553,748,602,651,747,761,106,970,615,0,719,996,215,432,830,394,368,299,873,112,727,301,545,552,236,322,737,440,679,212,450,679,249,588,649,376,121,364,836,937,592,380,805,678,998,536,495,337,405,282,470,586,793,281,627,818,825,521},
{656,444,294,191,852,297,799,93,633,896,837,621,830,222,462,364,249,146,514,174,500,331,322,317,402,708,407,133,840,435,562,251,75,594,516,370,449,226,196,825,165,452,571,84,454,916,530,667,126,530,759,718,487,375,860,782,976,319,982,806,854,546,480,379,170,634,302,203,274,409,320,208,664,487,695,172,428,262,424,353,359,824,227,858,446,386,836,402,561,804,95,613,355,185,719,0,306,934,306,121,326,437,492,302,825,407,427,496,562,488,524,516,291,779,507,435,568,535,606,641,572,722,600,552,307,386,538,152,371,319,208,330,576,556,574,399,601,151,449,811,694,165,365},
{961,556,493,468,1061,540,997,370,628,1168,977,607,913,105,420,661,426,452,805,189,712,570,443,191,285,993,477,318,1073,501,865,318,327,757,820,104,744,431,477,1101,309,758,876,385,411,1196,600,845,403,818,1019,742,688,261,948,977,1246,499,1256,1032,1061,846,782,114,199,907,147,189,48,688,16,475,865,457,997,478,344,171,142,627,332,1081,531,1069,737,682,905,689,640,867,333,891,146,385,996,306,0,1210,607,186,613,742,794,205,1095,661,720,791,857,776,746,547,556,867,788,624,843,835,716,726,878,978,906,526,122,675,736,191,640,29,513,531,881,742,800,704,712,204,742,925,704,171,538},
{414,784,734,888,387,672,443,849,990,50,648,1004,816,1106,1028,582,801,803,427,1107,548,645,827,1106,1112,232,868,1019,283,866,618,933,962,614,496,1230,731,785,740,109,906,613,473,850,1029,38,841,545,913,755,212,943,581,1104,811,457,66,743,49,325,398,657,661,1235,1103,304,1126,1032,1166,526,1220,737,475,1013,344,781,1079,1078,1281,585,1009,175,767,384,756,739,857,785,818,865,973,321,1180,828,215,934,1210,0,643,1045,609,561,491,1081,120,911,513,711,702,448,508,915,655,795,427,643,831,439,743,798,529,258,508,1014,1148,778,555,1020,865,1211,748,701,493,573,459,659,742,1007,492,728,970,1039,720},
{356,451,275,254,643,196,611,239,703,609,718,702,776,512,607,61,303,164,216,473,345,209,384,563,615,411,476,376,602,495,315,417,322,485,217,655,268,266,145,535,346,193,274,223,602,620,553,523,271,352,491,743,354,595,798,599,691,309,692,579,648,316,253,662,467,355,566,460,570,147,619,166,488,615,390,140,613,517,710,127,531,557,132,648,282,218,796,267,564,775,331,328,623,282,432,306,607,643,0,425,74,144,188,541,542,365,130,297,353,196,346,583,143,727,224,342,424,230,562,618,291,463,315,659,580,250,394,427,309,616,105,279,284,425,377,164,558,418,151,726,738,445,334},
{777,477,362,289,935,388,877,196,623,1006,891,607,860,114,429,482,303,267,630,90,581,421,353,238,336,822,419,160,933,447,680,245,148,654,637,258,561,293,305,936,187,572,692,202,420,1028,548,735,222,638,863,722,562,308,893,858,1085,379,1093,896,936,662,597,268,94,743,211,139,158,520,200,310,742,461,815,293,377,184,311,461,324,927,346,942,556,499,860,509,584,825,158,724,256,246,830,121,186,1045,425,0,439,558,612,231,934,495,544,608,675,603,609,517,393,811,619,504,669,655,643,669,693,824,721,531,208,495,613,86,467,201,329,401,697,626,662,518,639,98,566,854,691,84,424},
{371,389,222,312,577,137,542,244,644,572,644,644,703,513,563,70,263,199,192,499,271,143,335,547,587,383,423,416,542,440,367,388,357,412,241,650,337,230,136,500,329,248,297,241,559,590,490,450,317,420,441,678,280,570,725,529,652,254,657,516,582,374,314,657,494,310,555,451,573,88,624,143,416,568,393,180,578,505,704,54,497,507,195,583,353,290,725,340,499,704,369,288,612,256,394,326,613,609,74,439,0,182,203,523,502,438,108,363,415,163,274,526,86,655,182,272,494,231,492,549,328,409,348,607,572,323,321,426,382,619,153,219,313,351,306,230,487,415,130,653,674,445,272},
{219,568,405,336,647,320,631,379,825,536,771,825,856,651,744,113,441,291,161,596,414,323,517,707,758,332,606,485,584,622,188,559,439,560,80,796,203,406,289,462,490,81,133,358,739,533,668,576,375,268,450,852,433,739,874,624,617,436,611,573,654,201,153,803,589,313,709,602,708,194,756,308,526,750,264,265,754,660,850,219,672,512,224,651,225,186,882,238,674,865,444,280,766,424,368,437,742,561,144,558,182,0,70,685,478,361,124,209,248,167,402,707,269,810,205,440,350,123,657,717,148,434,171,790,722,226,462,567,310,753,229,400,141,495,414,103,653,559,126,796,852,585,453},
{170,570,420,404,592,334,582,426,827,466,734,829,831,699,763,138,465,347,105,656,391,330,534,746,790,262,617,548,524,631,210,590,500,536,43,842,261,432,327,392,527,135,95,410,759,463,667,542,439,316,385,844,414,772,846,576,547,449,540,516,600,234,202,849,649,251,751,645,757,182,807,341,486,765,203,322,781,702,896,225,699,446,288,596,285,253,859,303,668,845,507,217,808,457,299,492,794,491,188,612,203,70,0,723,409,428,109,259,284,122,373,713,287,787,158,432,399,52,642,704,140,373,153,800,766,293,437,614,379,803,285,409,115,470,377,171,638,605,99,765,847,633,458},
{893,365,347,493,888,416,819,313,426,1036,781,406,709,139,219,585,281,420,707,302,551,439,267,25,105,879,279,389,912,302,840,149,362,573,756,162,742,302,397,974,195,721,813,348,210,1072,398,664,427,826,879,538,524,77,744,798,1109,341,1125,868,886,830,763,163,310,782,60,99,162,581,202,381,693,256,916,442,152,48,205,521,127,937,510,895,742,678,700,700,439,663,378,773,101,267,873,302,205,1081,541,231,523,685,723,0,963,709,630,786,852,674,589,342,448,664,678,457,869,754,518,524,831,835,856,326,87,683,567,155,673,185,472,381,825,568,644,675,514,152,650,724,501,148,372},
{371,664,616,793,309,556,352,738,874,74,557,888,718,991,908,482,682,699,330,999,428,528,707,987,992,150,748,916,204,746,566,814,858,499,423,1112,663,668,630,41,789,539,411,742,909,122,724,435,813,699,93,832,461,984,716,362,151,623,162,235,320,603,596,1117,995,192,1008,916,1051,416,1104,624,363,893,305,678,959,960,1163,473,889,80,671,307,688,662,758,711,701,763,870,215,1062,712,112,825,1095,120,542,934,502,478,409,963,0,837,412,649,651,346,388,797,541,693,321,523,779,358,629,686,474,139,458,896,1031,702,436,905,788,1096,646,582,436,455,339,580,627,892,393,631,857,925,600},
{513,774,592,217,997,534,971,429,1006,891,1082,998,1130,609,859,403,586,331,521,473,709,558,674,723,809,688,770,343,942,795,322,645,349,847,415,750,184,549,427,817,555,299,440,385,851,879,874,888,281,204,811,1069,716,783,1155,961,970,627,959,927,1003,284,255,760,463,674,702,610,647,507,677,459,852,879,579,323,833,667,799,492,760,873,262,1002,160,175,1147,126,895,1123,337,641,750,534,727,407,661,911,365,495,438,361,428,709,837,0,461,217,262,519,711,884,489,1081,556,695,192,479,909,960,393,794,421,939,702,135,759,555,56,683,319,611,424,788,740,258,905,557,473,1087,1055,565,664},
{270,461,314,382,536,228,514,350,717,479,647,720,732,621,657,70,363,291,87,598,290,221,428,654,691,282,509,506,484,522,308,492,450,436,152,758,321,333,243,405,437,205,203,343,653,491,558,452,401,392,364,736,310,674,750,505,561,341,562,467,543,325,277,765,593,226,663,559,680,73,731,251,404,658,286,268,678,613,812,117,597,430,259,541,342,292,759,345,560,743,461,198,720,362,301,427,720,513,130,544,108,124,109,630,412,461,0,333,372,66,277,604,185,687,98,324,473,126,536,598,248,339,262,691,680,331,338,534,406,726,235,300,225,371,291,213,533,523,22,671,739,553,349},
{302,748,570,326,851,492,839,475,999,696,980,997,1060,717,890,301,590,367,363,616,619,505,675,805,875,499,769,486,781,789,104,686,464,764,231,865,48,552,420,624,603,129,239,438,884,677,849,785,389,59,638,1040,635,852,1079,832,773,605,758,775,859,67,57,874,607,508,796,692,766,398,806,449,735,902,370,346,884,752,918,411,804,696,276,855,62,110,1084,111,860,1065,460,474,850,555,545,496,791,711,297,608,363,209,259,786,649,217,333,0,66,374,609,878,440,1013,412,634,141,301,853,911,182,630,207,951,803,119,668,645,190,809,320,576,218,700,624,133,849,641,336,1002,1034,660,631},
{288,803,628,391,873,548,866,540,1056,692,1016,1055,1104,784,952,350,651,432,389,681,662,558,735,871,940,503,828,550,797,848,85,750,530,808,249,931,113,613,482,623,667,169,242,504,946,667,904,823,455,60,650,1093,680,917,1122,860,766,662,748,794,881,51,101,941,671,526,862,758,833,441,872,510,769,963,358,411,948,818,985,460,868,704,342,876,123,176,1129,172,914,1112,526,492,916,618,552,562,857,702,353,675,415,248,284,852,651,262,372,66,0,405,649,936,496,1058,442,684,129,319,902,961,177,646,195,1011,869,183,710,711,245,875,384,631,216,743,659,190,898,708,371,1043,1089,726,686},
{250,471,344,448,481,262,465,407,725,414,612,730,710,675,683,136,400,355,34,660,274,247,455,699,728,220,529,571,423,539,332,532,514,416,163,809,369,373,299,340,484,246,202,404,680,428,563,419,466,433,299,733,299,714,725,458,495,366,497,408,488,356,317,815,655,161,711,609,734,93,786,301,364,681,250,333,711,661,862,154,631,364,325,485,392,347,739,400,561,726,525,132,767,408,236,488,776,448,196,603,163,167,122,674,346,519,66,374,405,0,252,616,227,667,38,326,515,109,527,589,259,276,266,708,729,387,318,587,466,780,300,324,228,351,255,266,523,576,48,643,739,607,366},
{490,277,253,574,328,228,278,431,506,460,373,516,458,641,520,315,320,443,279,690,40,193,325,613,608,352,360,643,327,358,582,441,580,164,415,746,594,318,341,409,437,482,453,453,520,507,347,178,562,668,298,493,73,602,474,262,527,249,547,287,330,601,554,749,688,242,640,558,699,212,752,319,145,506,469,432,571,594,793,220,504,351,465,334,613,556,487,608,333,475,597,252,690,366,322,524,746,508,346,609,274,402,373,589,388,711,277,609,649,252,0,415,246,414,222,135,749,359,282,345,511,252,518,514,664,591,67,560,656,741,415,214,480,99,55,484,280,545,278,394,506,579,218},
{866,145,308,678,629,389,554,460,123,866,462,119,368,467,149,595,298,552,650,605,377,385,209,358,289,765,114,644,684,89,893,273,592,312,755,491,844,335,465,821,352,773,807,504,155,918,79,400,627,931,704,205,343,301,404,532,925,273,950,635,624,898,835,489,610,655,401,389,503,533,544,433,454,117,862,562,229,379,519,490,215,747,629,637,854,786,358,827,116,320,612,661,425,351,737,516,547,915,583,517,526,707,713,342,797,884,604,878,936,616,415,0,441,325,600,295,997,722,207,191,849,658,865,99,428,808,361,432,834,527,574,307,828,343,459,746,205,419,617,393,178,440,255},
{454,307,136,329,569,52,524,199,561,614,601,560,642,453,477,156,178,197,259,463,232,69,249,472,506,438,337,401,550,354,452,307,338,360,326,583,411,148,97,545,258,331,382,212,473,640,409,412,316,496,470,600,231,490,666,509,692,168,701,518,573,457,395,589,460,351,484,383,513,135,566,83,391,481,470,187,494,434,636,73,413,535,229,576,424,358,660,405,421,637,354,335,540,181,440,291,556,655,143,393,86,269,287,448,541,489,185,440,496,227,246,441,0,592,234,206,567,311,423,478,415,432,434,521,503,386,279,366,434,558,175,136,399,305,291,307,419,353,204,599,594,385,191},
{899,336,500,902,427,547,357,701,297,747,178,321,51,781,471,712,531,765,693,901,397,523,461,682,614,725,395,912,518,369,994,568,852,251,829,816,991,559,660,729,628,889,867,740,478,811,268,267,867,1071,605,190,378,627,82,340,782,467,816,472,418,1012,960,814,904,624,724,697,822,617,866,628,340,435,870,765,553,697,844,604,538,622,819,433,1008,945,72,994,229,70,872,646,750,595,679,779,867,795,727,811,655,810,787,664,693,1081,687,1013,1058,667,414,325,592,0,636,386,1148,773,175,143,926,566,932,384,751,976,350,731,1026,849,762,474,894,317,422,883,179,717,691,86,233,743,424},
{271,455,340,478,443,263,427,423,706,390,576,712,678,686,674,167,399,379,57,680,246,243,449,702,727,205,518,595,386,526,368,533,537,386,197,817,407,376,314,318,491,284,232,423,672,409,544,385,493,470,267,708,274,713,692,420,471,360,475,371,450,392,355,822,675,131,717,617,746,100,798,313,327,670,262,358,706,667,870,161,628,333,355,447,430,385,708,438,539,696,549,106,773,414,212,507,788,427,224,619,182,205,158,678,321,556,98,412,442,38,222,600,234,636,0,307,553,138,500,563,292,241,297,694,736,424,288,598,502,791,326,316,259,321,220,303,497,586,84,610,717,618,355},
{576,150,143,525,437,163,375,345,399,595,406,405,436,520,387,334,202,388,359,589,96,137,191,482,473,473,227,563,454,228,628,312,500,161,475,617,609,212,281,542,322,515,523,377,387,640,237,233,499,691,433,412,66,467,460,355,662,126,682,411,437,640,584,619,589,364,510,435,577,251,629,251,241,376,568,384,436,466,663,224,369,486,434,445,624,560,455,609,236,433,519,368,559,258,450,435,624,643,342,504,272,440,432,457,523,695,324,634,684,326,135,295,206,386,307,0,766,434,220,278,572,387,585,391,536,590,112,444,640,617,378,105,547,122,189,502,216,429,334,395,415,462,87},
{417,872,691,380,991,618,980,567,1119,821,1120,1115,1196,782,995,437,702,460,504,658,757,633,789,885,964,630,885,526,919,907,214,785,521,902,369,927,157,664,532,752,697,270,368,526,988,796,974,925,448,83,774,1166,771,939,1216,973,895,726,877,914,999,176,198,937,648,647,870,771,825,537,859,563,876,1010,487,443,981,830,978,545,903,830,373,995,143,210,1219,172,988,1199,512,613,921,660,679,568,843,831,424,669,494,350,399,869,779,192,473,141,129,515,749,997,567,1148,553,766,0,439,986,1043,305,768,324,1064,873,191,806,720,204,864,425,700,343,838,764,266,982,719,477,1140,1159,732,756},
{145,578,439,455,554,354,548,465,832,414,709,837,816,738,781,174,489,392,80,701,382,344,552,778,816,210,631,597,480,643,239,618,547,524,70,879,308,458,362,340,560,182,94,452,778,411,671,521,488,356,338,842,408,800,829,544,495,465,488,476,562,268,245,886,695,208,785,681,797,190,847,373,460,781,162,367,804,736,933,242,723,397,338,557,333,304,846,353,669,834,555,174,842,487,249,535,835,439,230,655,231,123,52,754,358,479,126,301,319,109,359,722,311,773,138,434,439,0,636,698,156,329,159,812,801,344,425,652,430,843,331,423,121,458,356,222,632,642,108,746,848,671,469},
{771,166,325,727,426,376,351,527,249,693,263,266,225,623,354,552,357,591,557,733,254,354,291,538,486,626,240,738,491,216,843,406,678,131,685,677,829,384,486,658,458,733,728,565,358,751,130,203,692,911,535,211,228,493,255,329,744,293,772,441,421,858,803,676,736,518,577,537,669,464,716,454,268,323,752,592,430,545,711,443,396,569,647,434,844,779,238,827,91,214,698,532,611,421,588,606,716,743,562,643,492,657,642,518,629,909,536,853,902,527,282,207,423,175,500,220,986,636,0,63,782,491,792,296,605,809,216,567,855,701,590,300,754,186,309,721,4,552,543,211,230,580,249},
{834,197,371,773,468,429,393,567,202,749,273,222,191,638,340,611,395,638,619,759,317,409,320,542,480,688,253,773,540,226,904,426,715,191,747,678,886,425,535,717,487,792,791,607,346,808,126,254,734,969,593,149,290,490,225,372,797,337,827,491,461,917,862,676,762,580,583,554,680,525,725,503,323,306,815,640,420,555,709,501,398,624,698,475,900,835,194,882,86,164,735,595,612,458,649,641,726,798,618,669,549,717,704,524,686,960,598,911,961,589,345,191,478,143,563,278,1043,698,63,0,844,549,854,266,611,864,279,589,907,709,641,350,816,249,371,779,66,574,605,202,171,601,296},
{120,708,550,442,704,465,703,522,965,517,866,967,969,790,891,259,589,427,235,721,531,464,664,853,906,326,750,600,624,765,91,707,563,675,97,937,210,554,436,447,637,123,67,497,887,495,806,676,493,226,475,984,555,886,984,699,592,581,576,624,712,129,139,945,713,356,853,747,846,321,892,456,617,896,188,401,903,805,991,359,821,528,348,706,234,238,998,271,808,985,565,323,910,572,376,572,878,529,291,693,328,148,140,831,474,393,248,182,177,259,511,849,415,926,292,572,305,156,782,844,0,474,30,934,865,270,576,709,356,891,367,543,40,609,511,180,779,701,239,901,987,726,594},
{396,526,490,717,233,439,249,632,735,209,446,748,595,873,771,407,557,608,273,895,292,407,574,859,859,175,611,824,151,608,563,686,763,360,399,988,634,547,526,167,669,507,407,642,771,261,584,302,726,685,47,697,324,852,597,254,276,494,296,152,242,596,573,992,892,122,883,794,932,321,986,516,229,755,344,590,823,835,1037,371,755,104,595,234,658,620,633,672,562,635,777,156,935,592,121,722,978,258,463,824,409,434,373,835,139,794,339,630,646,276,252,658,432,566,241,387,768,329,491,549,474,0,466,757,906,660,297,788,741,976,561,454,435,316,201,537,489,774,324,510,720,807,467},
{95,723,569,472,697,483,699,548,980,498,867,982,975,817,911,279,610,454,239,750,540,481,683,878,929,311,768,630,614,783,110,730,592,682,110,963,237,576,460,429,661,153,65,524,907,473,820,680,522,247,464,996,564,910,988,697,571,599,554,617,706,149,167,972,742,350,879,772,873,335,920,479,618,915,164,429,925,831,1018,376,843,515,377,699,261,267,1005,300,821,992,594,318,936,596,364,600,906,508,315,721,348,171,153,856,458,421,262,207,195,266,518,865,434,932,297,585,324,159,792,854,30,466,0,952,891,299,584,735,384,918,394,560,38,617,515,210,789,728,251,905,1000,753,611},
{957,240,385,727,722,470,646,510,102,965,538,81,420,462,107,677,362,610,742,615,475,471,276,335,247,862,184,672,780,169,973,301,626,409,842,455,915,400,532,920,389,851,895,554,116,1017,175,494,671,1002,803,222,441,266,456,625,1023,353,1049,731,716,975,911,451,621,753,380,394,487,622,521,502,552,71,956,623,184,370,474,576,208,846,692,729,923,855,401,892,207,362,646,758,390,406,836,552,526,1014,659,531,607,790,800,326,896,939,691,951,1011,708,514,99,521,384,694,391,1064,812,296,266,934,757,952,0,405,873,460,445,892,503,639,391,915,442,558,821,295,434,706,461,180,449,343},
{936,450,416,493,969,477,902,343,506,1104,868,485,796,94,298,629,349,442,761,257,628,504,347,70,164,940,366,366,989,389,865,223,354,657,797,82,757,363,439,1040,245,750,854,370,289,1137,485,747,425,837,949,621,601,140,831,881,1179,415,1193,946,968,851,785,87,267,846,27,121,86,638,117,429,774,336,964,466,223,71,134,576,213,1009,530,977,753,693,786,709,526,748,365,835,48,323,937,307,122,1148,580,208,572,722,766,87,1031,702,680,803,869,729,664,428,503,751,736,536,873,801,605,611,865,906,891,405,0,693,646,158,672,99,500,452,863,649,719,700,601,164,701,811,583,142,449},
{388,687,505,208,866,435,844,377,930,757,965,926,1025,605,804,278,512,269,386,498,593,455,600,700,776,553,696,367,809,719,214,594,348,735,281,752,72,474,343,683,507,165,310,337,797,747,788,769,273,144,676,982,603,752,1047,834,836,540,827,795,873,183,134,762,488,539,688,587,652,382,691,375,728,820,451,252,791,646,805,376,712,738,182,871,61,40,1045,19,804,1023,343,506,741,469,592,386,675,778,250,495,323,226,293,683,702,135,331,119,183,387,591,808,386,976,424,590,191,344,809,864,270,660,299,873,693,0,643,537,88,694,235,517,297,674,616,123,805,535,341,976,973,551,572},
{556,231,251,608,325,249,264,446,445,506,324,456,394,632,476,369,313,473,345,697,50,216,300,591,575,413,319,663,346,313,644,423,599,99,479,727,650,320,367,460,433,542,519,473,477,557,289,133,590,727,344,427,51,572,412,245,568,238,591,301,325,663,614,729,696,304,621,547,688,269,741,342,130,459,536,465,534,577,772,267,472,390,505,333,668,609,422,660,271,409,617,317,668,367,380,538,736,555,394,613,321,462,437,567,436,759,338,668,710,318,67,361,279,350,288,112,806,425,216,279,576,297,584,460,646,643,0,556,703,729,453,212,545,33,98,540,213,541,341,335,442,574,198},
{783,401,307,341,881,349,819,188,537,978,819,521,780,87,343,478,242,284,617,173,528,380,278,167,258,803,337,237,887,365,707,163,208,588,643,228,599,243,291,910,123,593,700,212,335,1006,466,672,275,681,829,637,506,231,813,800,1055,318,1066,847,881,693,627,236,178,716,151,56,147,499,200,286,685,375,814,309,294,111,283,437,238,891,372,888,597,536,778,554,503,743,223,701,205,196,805,152,191,1020,427,86,426,567,614,155,905,555,534,645,711,587,560,432,366,731,598,444,720,652,567,589,709,788,735,445,158,537,556,0,521,193,342,347,708,566,614,542,563,15,555,778,606,20,360},
{474,722,540,180,942,480,916,384,957,844,1026,950,1075,581,814,348,537,282,468,455,653,503,625,688,771,640,721,323,889,745,292,601,319,791,369,724,149,499,374,769,512,253,398,340,807,835,823,832,247,192,759,1018,660,745,1100,905,923,575,914,873,948,258,218,734,445,621,670,574,622,451,655,407,796,834,539,272,793,632,775,436,717,822,209,947,128,126,1093,85,842,1069,309,589,720,486,678,371,640,865,309,467,382,310,379,673,788,56,406,190,245,466,656,834,434,1026,502,640,204,430,855,907,356,741,384,892,672,88,703,521,0,661,266,557,384,732,684,208,851,521,419,1031,1004,533,611},
{971,543,489,487,1053,540,988,378,605,1169,962,584,894,106,397,669,421,464,810,213,706,569,433,169,259,996,461,340,1068,485,880,307,345,746,831,75,761,429,483,1102,307,771,886,395,388,1198,582,835,421,837,1018,721,682,237,930,967,1246,492,1257,1026,1053,862,798,86,223,908,126,183,46,692,18,479,857,435,1005,489,320,156,117,630,312,1080,546,1061,755,699,885,708,623,847,352,893,119,384,998,319,29,1211,616,201,619,753,803,185,1096,683,726,809,875,780,741,527,558,849,791,617,864,843,701,709,891,976,918,503,99,694,729,193,661,0,525,527,893,734,796,718,697,205,748,908,682,173,530},
{448,457,274,160,728,216,689,159,696,714,775,691,812,424,571,166,277,62,321,371,405,242,365,493,557,517,461,271,695,484,368,366,217,534,308,570,279,239,109,640,284,250,363,131,565,725,558,585,167,366,591,753,406,534,838,675,795,309,797,669,732,358,291,578,364,457,489,383,480,240,527,141,560,586,488,36,564,442,625,200,484,657,57,734,285,217,829,254,576,803,226,431,545,236,536,208,513,748,105,329,153,229,285,472,646,319,235,320,384,300,415,574,175,762,326,378,425,331,590,641,367,561,394,639,500,235,453,342,266,525,0,292,368,480,454,202,586,336,256,773,741,360,345},
{568,172,39,429,535,83,476,241,426,656,509,426,524,427,359,288,105,292,358,485,181,79,133,406,415,508,208,459,541,222,586,232,396,265,450,534,545,108,186,595,224,466,504,274,357,693,274,337,398,631,498,466,161,404,551,457,728,44,744,501,535,592,531,538,485,405,429,344,484,233,538,155,341,358,574,292,391,382,584,184,314,557,349,542,557,491,538,536,288,512,415,400,481,155,495,330,531,701,279,401,219,400,409,381,582,611,300,576,631,324,214,307,136,474,316,105,700,423,300,350,543,454,560,391,452,517,212,347,557,527,292,0,524,227,269,443,295,332,316,492,459,365,55},
{92,686,534,457,665,447,665,520,942,479,830,945,937,791,876,245,576,429,201,730,501,444,647,848,897,287,732,612,584,746,131,698,572,644,73,936,241,542,429,409,630,139,28,498,872,460,782,642,504,264,435,958,526,878,951,662,555,563,540,585,673,167,170,944,722,317,850,744,847,297,895,447,581,879,155,404,891,801,991,339,809,488,356,667,266,262,966,300,783,954,575,284,907,563,337,576,881,493,284,697,313,141,115,825,436,424,225,218,216,228,480,828,399,894,259,547,343,121,754,816,40,435,38,915,863,297,545,708,384,893,368,524,0,578,477,196,750,700,213,868,962,726,573},
{588,220,265,633,320,272,255,465,421,523,296,434,361,640,465,401,324,498,378,712,81,240,302,591,570,440,311,683,351,302,677,427,619,66,512,729,682,334,391,481,443,574,552,494,466,577,268,111,613,759,362,398,74,568,379,234,582,248,607,304,319,696,646,731,711,332,623,554,695,302,747,364,125,445,566,491,526,581,773,298,467,405,533,328,700,640,389,691,248,376,638,346,668,381,405,556,742,573,425,626,351,495,470,568,455,788,371,700,743,351,99,343,305,317,321,122,838,458,186,249,609,316,617,442,649,674,33,566,732,734,480,227,578,0,123,572,184,550,374,303,414,583,205},
{477,325,307,613,279,277,236,481,543,410,358,555,462,695,570,338,374,486,276,741,93,243,379,668,661,317,410,691,273,407,587,496,627,181,417,801,612,372,387,362,492,495,450,501,570,459,388,165,606,683,247,520,124,656,474,223,475,304,496,234,282,610,567,804,739,209,695,613,753,234,807,367,113,554,449,473,623,649,848,254,557,298,501,285,633,579,494,632,369,486,644,226,745,419,282,574,800,459,377,662,306,414,377,644,339,740,291,624,659,255,55,459,291,422,220,189,764,356,309,371,511,201,515,558,719,616,98,614,684,796,454,269,477,123,0,503,306,599,288,391,537,633,272},
{286,615,439,262,747,360,727,361,867,636,857,865,930,620,764,171,461,258,264,542,491,372,545,695,758,432,638,420,686,658,165,564,384,636,164,768,110,423,294,562,485,57,202,330,758,630,717,662,313,190,553,907,505,736,950,718,717,473,708,674,753,157,91,777,534,416,690,585,674,272,718,321,616,774,344,234,763,644,822,279,682,615,172,751,129,83,953,135,727,933,385,383,746,431,470,399,704,659,164,518,230,103,171,675,580,258,213,133,190,266,484,746,307,883,303,502,266,222,721,779,180,537,210,821,700,123,540,542,208,718,202,443,196,572,503,0,717,536,221,875,902,559,498},
{768,162,320,723,427,371,352,522,249,692,266,266,230,619,351,548,353,586,553,729,251,350,287,535,483,624,236,734,491,213,840,402,674,129,681,673,825,380,482,657,454,729,725,561,356,749,128,203,688,907,534,214,224,490,259,330,743,288,772,441,422,854,799,673,731,515,574,533,665,460,713,450,268,321,749,587,427,541,708,439,393,569,643,435,840,775,243,823,89,218,694,530,608,416,586,601,712,742,558,639,487,653,638,514,627,905,533,849,898,523,280,205,419,179,497,216,982,632,4,66,779,489,789,295,601,805,213,563,851,697,586,295,750,184,306,717,0,548,540,215,231,576,245},
{774,386,293,342,865,336,804,179,525,965,804,509,765,100,334,468,227,279,606,187,513,366,263,167,254,791,323,244,872,351,701,149,211,573,634,237,596,228,280,898,108,586,691,206,325,993,452,657,275,678,815,624,491,227,799,784,1042,303,1053,832,866,688,622,245,191,703,155,53,160,487,213,274,670,365,804,303,287,112,292,425,228,877,367,873,594,532,764,551,489,729,227,688,210,182,793,151,204,1007,418,98,415,559,605,152,892,557,523,641,708,576,545,419,353,717,586,429,719,642,552,574,701,774,728,434,164,535,541,15,521,205,336,332,700,550,599,536,548,0,544,763,593,34,345},
{253,474,331,401,526,246,506,372,729,459,645,733,735,642,674,90,382,313,65,620,294,237,445,674,710,261,524,527,470,536,303,512,471,440,142,780,327,352,265,385,458,207,190,365,671,470,569,451,421,394,347,745,316,694,752,498,540,357,541,455,532,323,279,786,615,209,684,580,702,84,753,272,400,674,266,290,696,634,834,135,616,412,278,530,349,302,763,355,570,748,482,179,741,383,281,449,742,492,151,566,130,126,99,650,393,473,22,336,371,48,278,617,204,691,84,334,477,108,543,605,239,324,251,706,701,341,341,555,419,748,256,316,213,374,288,221,540,544,0,672,749,575,363},
{864,377,522,919,350,558,285,728,379,680,93,402,89,834,542,704,563,782,667,944,384,530,501,743,682,676,448,943,446,423,975,617,882,241,806,880,984,587,675,668,668,876,840,765,548,746,327,226,890,1061,546,275,372,692,87,270,710,493,745,402,341,995,948,878,946,581,784,748,878,604,924,645,294,507,830,779,622,754,911,600,600,557,828,356,1002,942,131,993,286,148,902,606,814,626,627,811,925,728,726,854,653,796,765,724,631,1087,671,1002,1043,643,394,393,599,86,610,395,1140,746,211,202,901,510,905,461,811,976,335,778,1031,908,773,492,868,303,391,875,215,763,672,0,318,791,448},
{988,287,468,852,632,542,557,636,78,920,407,101,258,634,285,741,469,724,771,779,474,531,382,513,427,854,289,821,708,262,1039,449,769,360,890,636,1004,506,631,887,530,922,938,679,293,979,185,425,803,1090,764,46,444,446,292,537,967,432,998,660,624,1048,989,631,784,745,557,560,663,666,699,599,495,247,974,732,364,543,654,632,377,795,797,639,1015,948,231,991,179,193,789,758,570,526,818,694,704,970,738,691,674,852,847,501,857,1055,739,1034,1089,739,506,178,594,233,717,415,1159,848,230,171,987,720,1000,180,583,973,442,606,1004,682,741,459,962,414,537,902,231,593,749,318,0,613,404},
{801,415,326,353,899,369,837,207,542,998,834,526,792,68,346,497,261,301,637,166,546,400,293,158,253,823,348,241,905,376,723,175,217,604,662,210,614,262,310,930,141,610,718,229,337,1025,477,689,286,695,848,645,525,226,825,817,1075,336,1086,866,899,709,643,219,172,736,138,55,128,518,180,306,703,379,833,326,293,103,265,457,241,911,388,906,611,550,789,567,515,754,231,721,190,215,825,165,171,1039,445,84,445,585,633,148,925,565,553,660,726,607,579,440,385,743,618,462,732,671,580,601,726,807,753,449,142,551,574,20,533,173,360,365,726,583,633,559,576,34,575,791,613,0,378},
{614,117,76,478,523,139,460,281,372,673,472,373,475,435,320,341,121,342,401,511,180,130,107,396,392,538,163,497,540,173,639,226,435,231,500,530,601,139,238,617,239,520,552,317,319,715,219,312,444,686,513,411,152,385,503,440,743,46,761,497,523,646,585,533,511,432,424,349,490,280,543,206,327,315,616,344,360,379,577,235,288,568,403,531,613,546,487,591,232,460,454,430,473,182,521,365,538,720,334,424,272,453,458,372,600,664,349,631,686,366,218,255,191,424,355,87,756,469,249,296,594,467,611,343,449,572,198,360,611,530,345,55,573,205,272,498,245,345,363,448,404,378,0}}
